Workbook

Sheet Calculation
B2: Burner Size Calculation | C2: LDO | H2: MAIN OIL PIPE SIZE
C3: VLPH | D3: HLPH | E3: HM-LPH | H3: Q = A*V
B4: Ti | C4: 30 | D4: 30 | E4: 30 | F4: C | H4: Q = | I4: FLOW | J4: 55 | K4: Nmᶾ/hr
B5: Tf | C5: 1200 | D5: 1200 | E5: 1200 | F5: C | H5: A = πd²/4 | I5: AREA | J5: m²
B6: Actual Refractory Weight | C6: 20000 | D6: =C6 -> 20000 | E6: 10000 | F6: Kgs | H6: V= | I6: VELOCITY | J6: 12.7 | K6: m/s
B7: LDO Fuel CV | C7: 10000 | D7: =C7 -> 10000 | E7: =D7 -> 10000 | F7: Kcal/Kg | H7: d = | I7: Inner Dia | J7: mm
B8: Average Temperature to be raised | C8: =((C5-C4)/2)+50 -> 635 | D8: =((D5-D4)/2)+50 -> 635 | E8: =((E5-E4)/2)+50 -> 635 | F8: C | H8: d= | I8: =(SQRT(J4*4/(3.14*J6*3600)))*1000 -> 39.146542 | J8: mm
B9: Time Taken | C9: 19 | D9: 12 | E9: 12 | F9: H | I9: 50 NB
B10: Firing rate | C10: =(C6*0.25*C8) -> 3175000 | D10: =(D6*0.25*D8) -> 3175000 | E10: =(E6*0.25*E8) -> 1587500
C11: =C10/0.52 -> 6105769.2 | D11: =D10/0.52 -> 6105769.2 | E11: =E10/0.52 -> 3052884.6
B12: Consumptions in Kgs | C12: =C11/C7 -> 610.57692 | D12: =D11/D7 -> 610.57692 | E12: =E11/E7 -> 305.28846 | F12: Kgs | H12: MAIN AIR PIPE SIZE
B13: Calculated Firing Rate | C13: =C12/C9 -> 32.135628 | D13: =D12/D9 -> 50.88141 | E13: =E12/E9 -> 25.440705 | F13: Kg/hr | H13: Q = A*V
B14: 10% Extra firing Rate | C14: =C13*1.1 -> 35.34919 | D14: =D13*1.1 -> 55.969551 | E14: =E13*1.1 -> 27.984776 | F14: Nm3/hr | G14: 3A | H14: Q = | I14: FLOW | J14: 660 | K14: Nmᶾ/hr
B15: Density of LDO | C15: 0.85 | D15: =C15 -> 0.85 | E15: =D15 -> 0.85 | F15: Kg/ltr | H15: A = πd²/4 | I15: AREA | J15: m²
B16: Consumptions in Litres | C16: =C12/C15 -> 718.32579 | D16: =D12/D15 -> 718.32579 | E16: =E12/E15 -> 359.1629 | F16: Ltrs | H16: V= | I16: VELOCITY | J16: 15 | K16: m/s
B17: Firing rate | C17: =C14/C15 -> 41.587283 | D17: =D14/D15 -> 65.846531 | E17: =E14/E15 -> 32.923265 | F17: Ltr/hr | H17: d = | I17: Inner Dia | J17: mm
B18: Burner Capacity | C18: =(C14*C7)/(860*1000) -> 0.4110371 | D18: =(D14*D7)/(860*1000) -> 0.65080874 | E18: =(E14*E7)/(860*1000) -> 0.32540437 | F18: Mwatt | H18: d= | I18: =(SQRT(J14*4/(3.14*J16*3600)))*1000 -> 124.77864 | J18: mm
B19: Air Qty | C19: =C7*C14*118/100000 -> 417.12045 | D19: =D7*D14*118/100000 -> 660.44071 | E19: =E7*E14*118/100000 -> 330.22035 | F19: Nm3/hr | I19: 150 NB
C20: =C19/1.7 -> 245.36497 | D20: =D19/1.7 -> 388.49453 | E20: =E19/1.7 -> 194.24727 | F20: CFM
B21: Blower Size as per Calculation | C21: =(C20*40)/3200 -> 3.0670621 | D21: =(D20*40)/3200 -> 4.8561817 | E21: =(E20*40)/3200 -> 2.4280908 | F21: HP
C22: 7.5 HP | D22: 7.5 HP | E22: 5HP

Sheet VLPH-70T
E2: ENCON THERMAL ENGINEERS PVT. LTD.
F3: BROUGHT OUT ITEMS
A4: BILL OF MATERIAL FOR Vertical Steel Ladle Heaters 70T | I4: OFFER NO :
A5: CLIENT:SMS PROJECT | I5: MAXIMUM TEMPERATURE: 1200 Deg C
A6: SITE LOCATION: | I6: TIME TO ATTAIN THE HEATING TIME - (10-12) HOUR
A7: REFERENCE : | I7: INITIAL TEMP: 800C | J7: Ambient
B9: S. No. | C9: MEDIA | D9: ITEM NAME | E9: Data Sheet No / Reference | F9: QTY. | G9: UNIT | H9: MAKE | I9: BASIC | J9: TOTAL
B11: 1 | C11: COMB AIR | D11: COMPENSATOR | E11: 150 NB F 150 # | F11: 1 | G11: No. | H11: B.D.ENGR | I11: 2000 | J11: =I11*F11 -> 2000
B13: 2 | C13: COMB AIR | D13: PRESSURE GAUGE WITH TNV | E13: RANGE- 0-1600 mBAR | F13: 1 | G13: No. | H13: H.GURU | I13: 4200 | J13: =I13*F13 -> 4200
B15: 3 | C15: COMB AIR | D15: BUTTERFLY VALVE | E15: 150 NB | F15: 1 | G15: No. | H15: L&T | I15: 11000 | J15: =I15*F15 -> 11000
B17: 4 | C17: MISC ITEMS | D17: CONTROL PANEL | F17: 1 | G17: NO. | H17: ENCON | I17: 130000 | J17: =I17*F17 -> 130000
F19: BOUGHT OUT ITEMS | I19: TOTAL | J19: =SUM(J10:J17) -> 147200
B23: 1 | C23: MISC ITEMS | D23: ENCON FILM BURNER - 4A | F23: 1 | G23: No. | H23: ENCON | I23: 47000 | J23: =I23*F23 -> 47000
B25: 2 | C25: MISC ITEMS | D25: ANCHOR BOLT | F25: 5 | G25: KG | H25: ENCON | I25: 400 | J25: =I25*F25 -> 2000
B27: 3 | C27: MISC ITEMS | D27: FABRICATION | F27: 3000 | G27: KG | H27: ENCON | I27: 110 | J27: =I27*F27 -> 330000
B29: 4 | C29: MISC ITEMS | D29: HEATING & PUMPING UNIT | E29: HPD - 6 | F29: 1 | G29: No. | H29: ENCON | I29: 116000 | J29: =I29*F29 -> 116000
B31: 5 | C31: MISC ITEMS | D31: HYDRAULIC SYSTEM | F31: 1 | G31: No. | H31: ENCON | I31: 175000 | J31: =I31*F31 -> 175000
B33: 6 | C33: MISC ITEMS | D33: GAS PILOT SYSTEM | F33: 1 | G33: No. | H33: ENCON | I33: 90000 | J33: =I33*F33 -> 90000
B35: 7 | C35: COMB AIR | D35: BLOWER | E35: 7.5 HP, 40" WC, 1020 Nm3/hr | F35: 1 | G35: No. | H35: ENCON | I35: 100000 | J35: =I35*F35 -> 100000
B37: 8 | C37: AIR/OIL | D37: PIPELINE | F37: 1 | G37: SET | H37: ENCON | I37: 40000 | J37: =I37*F37 -> 40000
B39: 9 | C39: MISC ITEMS | D39: Cable tray | F39: 1 | G39: SET | I39: 40000 | J39: =I39*F39 -> 40000
B41: 10 | C41: MISC ITEMS | D41: CERAMIC FIBRE | F41: 25 | G41: Roll | H41: ENCON | I41: 3800 | J41: =I41*F41 -> 95000
C43: DATE | D43: PREPARED BY | E43: APPROVED BY | H43: IN HOUSE ITEMS | J43: =SUM(J21:J42) -> 1035000
C44: 46030 | D44: JYOTIRMAY RABHA

Sheet HLPH - 70T
E2: ENCON THERMAL ENGINEERS PVT. LTD.
F3: BROUGHT OUT ITEMS
A4: BILL OF MATERIAL FOR HORIZONTAL LADLE PREHEATER-70T | I4: OFFER NO :
A5: CLIENT:SMS PROJECT | I5: MAXIMUM TEMPERATURE: 1000 Deg C
A6: SITE LOCATION: | I6: TIME TO ATTAIN THE HEATING TIME - (7-8) HOUR
A7: REFERENCE : | I7: INITIAL TEMP: 800C | J7: Ambient
B9: S. No. | C9: MEDIA | D9: ITEM NAME | E9: Data Sheet No / Reference | F9: QTY. | G9: UNIT | H9: MAKE | I9: BASIC | J9: TOTAL
B11: 1 | C11: COMB AIR | D11: COMPENSATOR | E11: 150 NB F 150 # | F11: 1 | G11: No. | H11: B.D.ENGR | I11: 2000 | J11: =I11*F11 -> 2000
B13: 2 | C13: COMB AIR | D13: PRESSURE GAUGE WITH TNV | E13: RANGE- 0-1600 mBAR | F13: 1 | G13: No. | H13: H.GURU | I13: 4200 | J13: =I13*F13 -> 4200
B15: 3 | C15: COMB AIR | D15: BUTTERFLY VALVE | E15: 150 NB | F15: 1 | G15: No. | H15: L&T | I15: 11000 | J15: =I15*F15 -> 11000
B17: 4 | C17: MISC ITEMS | D17: CONTROL PANEL | F17: 1 | G17: NO. | H17: ENCON | I17: 130000 | J17: =I17*F17 -> 130000
F19: BOUGHT OUT ITEMS | I19: TOTAL | J19: =SUM(J10:J17) -> 147200
B23: 1 | C23: MISC ITEMS | D23: ENCON FILM BURNER - 4A | F23: 1 | G23: No. | H23: ENCON | I23: 47000 | J23: =I23*F23 -> 47000
B25: 2 | C25: MISC ITEMS | D25: ANCHOR BOLT | F25: 5 | G25: KG | H25: ENCON | I25: 400 | J25: =I25*F25 -> 2000
B27: 3 | C27: MISC ITEMS | D27: FABRICATION | F27: 3000 | G27: KG | H27: ENCON | I27: 110 | J27: =I27*F27 -> 330000
B29: 4 | C29: MISC ITEMS | D29: HEATING & PUMPING UNIT | E29: HPD - 6 | F29: 1 | G29: No. | H29: ENCON | I29: 116000 | J29: =I29*F29 -> 116000
B31: 5 | C31: MISC ITEMS | D31: TROLLEY DRIVE MECHANISM | F31: 1 | G31: No. | H31: ENCON | I31: 200000 | J31: =I31*F31 -> 200000
B33: 6 | C33: MISC ITEMS | D33: GAS PILOT SYSTEM | F33: 1 | G33: No. | H33: ENCON | I33: 90000 | J33: =I33*F33 -> 90000
B35: 7 | C35: COMB AIR | D35: BLOWER | E35: 7.5 HP, 40" WC, 1020 Nm3/hr | F35: 1 | G35: No. | H35: ENCON | I35: 100000 | J35: =I35*F35 -> 100000
B37: 8 | C37: AIR/OIL | D37: PIPELINE | F37: 1 | G37: SET | H37: ENCON | I37: 25000 | J37: =I37*F37 -> 25000
B39: 9 | C39: MISC ITEMS | D39: Cable tray | F39: 1 | G39: SET | I39: 40000 | J39: =I39*F39 -> 40000
B41: 10 | C41: MISC ITEMS | D41: CERAMIC FIBRE | F41: 25 | G41: Roll | H41: ENCON | I41: 3800 | J41: =I41*F41 -> 95000
C43: DATE | D43: PREPARED BY | E43: APPROVED BY | H43: IN HOUSE ITEMS | J43: =SUM(J21:J42) -> 1045000
C44: 45742 | D44: JYOTIRMAY RABHA

Sheet HM-VLPH-40T
B1: HOT METAL LADLE PREHEATER-40T
A3: S. No. | B3: MEDIA | C3: ITEM NAME | D3: Data Sheet No / Reference | E3: QTY. | F3: UNIT | G3: MAKE | H3: BASIC | I3: TOTAL
A5: 1 | B5: COMB AIR | C5: COMPENSATOR | D5: 100 NB F 150 # | E5: 1 | F5: No. | G5: B.D.ENGR | H5: 2000 | I5: =H5*E5 -> 2000
A7: 2 | B7: COMB AIR | C7: PRESSURE GAUGE WITH TNV | D7: RANGE- 0-1600 mBAR | E7: 1 | F7: No. | G7: H.GURU | H7: 4200 | I7: =H7*E7 -> 4200
A9: 3 | B9: COMB AIR | C9: BUTTERFLY VALVE | D9: 100 NB | E9: 1 | F9: No. | G9: L&T | H9: 11000 | I9: =H9*E9 -> 11000
A11: 4 | B11: MISC ITEMS | C11: CONTROL PANEL | E11: 1 | F11: NO. | G11: ENCON | H11: 130000 | I11: =H11*E11 -> 130000
E13: BOUGHT OUT ITEMS | H13: TOTAL | I13: =SUM(I4:I11) -> 147200
A17: 1 | B17: MISC ITEMS | C17: ENCON FILM BURNER - 4A | E17: 1 | F17: No. | G17: ENCON | H17: 47000 | I17: =H17*E17 -> 47000
A19: 2 | B19: MISC ITEMS | C19: ANCHOR BOLT | E19: 5 | F19: KG | G19: ENCON | H19: 400 | I19: =H19*E19 -> 2000
A21: 3 | B21: MISC ITEMS | C21: FABRICATION | E21: 2500 | F21: KG | G21: ENCON | H21: 110 | I21: =H21*E21 -> 275000
A23: 4 | B23: MISC ITEMS | C23: HEATING & PUMPING UNIT | D23: HPD - 3 | E23: 1 | F23: No. | G23: ENCON | H23: 112000 | I23: =H23*E23 -> 112000
A25: 5 | B25: MISC ITEMS | C25: HYDRAULIC SYSTEM | E25: 1 | F25: No. | G25: ENCON | H25: 175000 | I25: =H25*E25 -> 175000
A27: 6 | B27: MISC ITEMS | C27: GAS PILOT SYSTEM | E27: 1 | F27: No. | G27: ENCON | H27: 90000 | I27: =H27*E27 -> 90000
A29: 7 | B29: COMB AIR | C29: BLOWER | D29: 5 HP, 40" WC, 680 Nm3/hr | E29: 1 | F29: No. | G29: ENCON | H29: 81000 | I29: =H29*E29 -> 81000
A31: 8 | B31: AIR/OIL | C31: PIPELINE | E31: 1 | F31: SET | G31: ENCON | H31: 40000 | I31: =H31*E31 -> 40000
A33: 9 | B33: MISC ITEMS | C33: Cable tray | E33: 1 | F33: SET | H33: 40000 | I33: =H33*E33 -> 40000
A35: 10 | B35: MISC ITEMS | C35: CERAMIC FIBRE | E35: 19 | F35: Roll | G35: ENCON | H35: 3800 | I35: =H35*E35 -> 72200
B37: DATE | C37: PREPARED BY | D37: APPROVED BY | G37: IN HOUSE ITEMS | I37: =SUM(I15:I36) -> 934200
B38: 46030 | C38: JYOTIRMAY RABHA

Sheet Cost Summary
B3: Cost Summary
B5: S. No. | C5: Item Description | D5: Bought out Item | F5: Inhouse | H5: Unit Price | J5: Designing | K5: Negotiation | L5: Total Unit Price | M5: Qty | N5: Total Price Price
C6: 1.8 | D6: Cost Price | E6: Sell Price | F6: Cost Price | G6: Sell Price | H6: Cost Price | I6: Sell Price | J6: 0.05 | K6: 0.05
B7: 1 | C7: Vertical Steel Ladle Heater-70T | D7: ='VLPH-70T'!J19 -> 147200 | E7: =D7*C6 -> 264960 | F7: ='VLPH-70T'!J43 -> 1035000 | G7: =F7*C6 -> 1863000 | H7: =F7+D7 -> 1182200 | I7: =E7+G7 -> 2127960 | J7: =I7*$J$6 -> 106398 | K7: =I7*$K$6 -> 106398 | L7: =ROUND(SUM(I7:K7),-3) -> 2341000 | M7: 2 | N7: =M7*L7 -> 4682000 | O7: =ROUND(N7,-4) -> 4680000 | P7: =O7/M7 -> 2340000
B8: 2 | C8: Horizontal Ladle Pre Heater-70T | D8: ='HLPH - 70T'!J19 -> 147200 | E8: =D8*$C$6 -> 264960 | F8: ='HLPH - 70T'!J43 -> 1045000 | G8: =G7 -> 1863000 | H8: =F8+D8 -> 1192200 | I8: =G8+E8 -> 2127960 | J8: =I8*$J$6 -> 106398 | K8: =I8*$K$6 -> 106398 | L8: =ROUND(SUM(I8:K8),-3) -> 2341000 | M8: 1 | N8: =M8*L8 -> 2341000 | O8: =ROUND(N8,-4) -> 2340000
B9: 3 | C9: Vertical HM Ladle Preheater-40T | D9: ='HM-VLPH-40T'!I13 -> 147200 | E9: =D9*$C$6 -> 264960 | F9: ='HM-VLPH-40T'!I37 -> 934200 | G9: =F9*C6 -> 1681560 | H9: =F9+D9 -> 1081400 | I9: =E9+G9 -> 1946520 | J9: =I9*$J$6 -> 97326 | K9: =I9*$K$6 -> 97326 | L9: =ROUND(SUM(I9:K9),-3) -> 2141000 | M9: 1 | N9: =M9*L9 -> 2141000 | O9: =ROUND(N9,-4) -> 2140000
L10: TOTAL | N10: =SUM(N7:N9) -> 9164000 | O10: =SUM(O7:O9) -> 9160000
